{"chunk_definitions":[{"chunk_id":"cgupiqusnahm0","chunk_label":"unnamed-chunk-1","document_id":"B31B7CD9","expansion_state":0,"options":{"engine":"r","label":"unnamed-chunk-3","message":false,"warning":false},"row":11,"row_count":1,"visible":true},{"chunk_id":"cc6vloe6redxl","chunk_label":"unnamed-chunk-2","document_id":"B31B7CD9","expansion_state":0,"options":{"engine":"r","label":"unnamed-chunk-6","message":false,"warning":false},"row":19,"row_count":1,"visible":true}],"doc_write_time":1495442510}